keyword,target_url,last_rank,last_checked
施工管理 転職 未経験,https://[yoursite].com/construction/inexperienced-truth/,0,2026-06-05
ドライバー 施工管理 転職,https://[yoursite].com/construction/driver-career-change/,0,2026-06-05
SIer 社内SE 転職 年収 下がる,https://[yoursite].com/inhouse-se/sier-salary-reality/,0,2026-06-05
社内SE 子育て 残業,https://[yoursite].com/inhouse-se/childcare-work-balance/,0,2026-06-05
税理士 34歳 転職,https://[yoursite].com/tax-accountant/age-34-too-late/,0,2026-06-05
税理士 転職エージェント,https://[yoursite].com/tax-accountant/,0,2026-06-05
ADHD 在宅 仕事,https://[yoursite].com/vocational-support/adhd-remote-it/,0,2026-06-05
うつ 社会復帰 IT,https://[yoursite].com/vocational-support/depression-it-recovery/,0,2026-06-05
浮気調査 費用,https://[yoursite].com/detective/,0,2026-06-05
浮気調査 無料相談,https://[yoursite].com/detective/free-consultation-questions/,0,2026-06-05
